id,join_key,value
1,key_243,189
2,key_225,81
3,hot_key,108
4,key_91,321
5,hot_key,579
6,key_137,686
7,hot_key,346
8,key_275,863
9,hot_key,328
10,key_54,555
11,hot_key,699
12,hot_key,302
13,key_46,200
14,key_94,893
15,hot_key,419
16,hot_key,39
17,hot_key,732
18,hot_key,307
19,hot_key,4
20,key_151,633
21,hot_key,848
22,hot_key,77
23,key_1,468
24,key_51,179
25,hot_key,645
26,hot_key,823
27,key_7,741
28,hot_key,276
29,hot_key,152
30,hot_key,164
31,hot_key,290
32,hot_key,378
33,hot_key,621
34,key_107,638
35,hot_key,752
36,hot_key,310
37,hot_key,930
38,hot_key,979
39,key_57,913
40,hot_key,389
41,hot_key,857
42,key_140,658
43,hot_key,764
44,key_174,183
45,key_108,821
46,key_263,306
47,hot_key,72
48,hot_key,219
49,hot_key,719
50,hot_key,173
51,hot_key,653
52,hot_key,272
53,hot_key,726
54,hot_key,468
55,key_85,269
56,hot_key,20
57,hot_key,578
58,hot_key,995
59,hot_key,815
60,hot_key,503
61,hot_key,147
62,hot_key,429
63,hot_key,165
64,key_149,890
65,hot_key,310
66,key_290,518
67,hot_key,14
68,hot_key,132
69,hot_key,854
70,hot_key,755
71,key_80,439
72,hot_key,743
73,hot_key,740
74,hot_key,674
75,key_271,795
76,hot_key,263
77,hot_key,643
78,hot_key,943
79,key_134,225
80,hot_key,258
81,key_191,234
82,key_220,336
83,hot_key,409
84,hot_key,828
85,hot_key,975
86,key_185,24
87,hot_key,271
88,hot_key,95
89,hot_key,142
90,hot_key,694
91,hot_key,718
92,key_296,902
93,key_235,974
94,hot_key,81
95,key_110,274
96,hot_key,276
97,hot_key,883
98,key_109,958
99,hot_key,465
100,hot_key,208
101,hot_key,296
102,key_104,39
103,hot_key,948
104,key_286,288
105,key_257,124
106,hot_key,876
107,hot_key,969
108,hot_key,283
109,key_178,878
110,hot_key,180
111,key_53,97
112,key_217,191
113,hot_key,74
114,hot_key,447
115,key_61,785
116,key_291,497
117,hot_key,561
118,hot_key,484
119,hot_key,849
120,key_264,722
121,hot_key,116
122,hot_key,535
123,hot_key,98
124,hot_key,328
125,hot_key,909
126,hot_key,407
127,hot_key,313
128,hot_key,702
129,hot_key,694
130,hot_key,148
131,hot_key,342
132,key_92,495
133,hot_key,948
134,hot_key,23
135,key_43,105
136,key_213,675
137,key_189,579
138,hot_key,802
139,key_135,801
140,hot_key,558
141,hot_key,593
142,hot_key,941
143,hot_key,659
144,hot_key,222
145,hot_key,855
146,hot_key,15
147,key_176,891
148,hot_key,633
149,hot_key,78
150,key_207,322
151,hot_key,807
152,key_49,241
153,hot_key,18
154,hot_key,768
155,hot_key,454
156,hot_key,443
157,hot_key,928
158,key_260,277
159,hot_key,424
160,key_169,476
161,hot_key,27
162,key_172,514
163,hot_key,865
164,hot_key,464
165,hot_key,807
166,key_292,982
167,hot_key,824
168,hot_key,363
169,key_205,383
170,hot_key,751
171,hot_key,525
172,key_141,382
173,hot_key,184
174,hot_key,194
175,hot_key,462
176,key_196,56
177,hot_key,230
178,hot_key,489
179,key_251,28
180,hot_key,832
181,hot_key,583
182,hot_key,722
183,hot_key,960
184,key_114,184
185,hot_key,425
186,key_3,375
187,key_12,868
188,hot_key,41
189,key_132,484
190,hot_key,260
191,hot_key,441
192,hot_key,926
193,hot_key,856
194,hot_key,84
195,key_126,46
196,key_181,440
197,hot_key,671
198,hot_key,856
199,hot_key,519
200,hot_key,986
201,hot_key,845
202,hot_key,438
203,hot_key,136
204,hot_key,183
205,hot_key,709
206,hot_key,172
207,key_155,909
208,hot_key,861
209,hot_key,788
210,hot_key,590
211,hot_key,928
212,hot_key,956
213,hot_key,690
214,key_226,539
215,hot_key,120
216,hot_key,281
217,hot_key,308
218,hot_key,708
219,hot_key,277
220,hot_key,530
221,key_9,295
222,key_62,783
223,hot_key,53
224,hot_key,806
225,key_224,432
226,hot_key,52
227,key_253,728
228,hot_key,72
229,hot_key,28
230,key_234,469
231,hot_key,912
232,key_177,764
233,hot_key,886
234,hot_key,912
235,hot_key,547
236,hot_key,401
237,key_81,201
238,hot_key,761
239,hot_key,611
240,hot_key,820
241,hot_key,989
242,hot_key,999
243,key_99,466
244,hot_key,652
245,key_188,595
246,hot_key,560
247,hot_key,790
248,hot_key,379
249,hot_key,760
250,hot_key,895
251,hot_key,177
252,hot_key,52
253,hot_key,79
254,hot_key,385
255,hot_key,834
256,key_285,576
257,hot_key,8
258,key_294,214
259,hot_key,25
260,key_28,450
261,hot_key,768
262,hot_key,755
263,hot_key,969
264,hot_key,457
265,key_295,461
266,key_13,198
267,hot_key,94
268,key_68,719
269,hot_key,947
270,hot_key,437
271,hot_key,527
272,hot_key,690
273,hot_key,967
274,hot_key,378
275,hot_key,587
276,hot_key,104
277,hot_key,806
278,hot_key,680
279,key_276,962
280,key_240,627
281,hot_key,39
282,hot_key,458
283,key_168,364
284,hot_key,785
285,hot_key,135
286,key_273,374
287,key_279,232
288,hot_key,39
289,key_86,964
290,key_98,803
291,key_237,819
292,hot_key,47
293,hot_key,36
294,hot_key,832
295,hot_key,95
296,hot_key,985
297,key_298,361
298,hot_key,525
299,hot_key,146
300,hot_key,917
301,hot_key,368
302,hot_key,65
303,hot_key,228
304,hot_key,754
305,hot_key,520
306,hot_key,816
307,hot_key,853
308,hot_key,555
309,hot_key,756
310,hot_key,181
311,key_150,501
312,hot_key,597
313,hot_key,155
314,key_14,787
315,key_36,535
316,hot_key,627
317,hot_key,818
318,hot_key,435
319,hot_key,811
320,hot_key,99
321,hot_key,616
322,hot_key,372
323,key_136,563
324,hot_key,362
325,hot_key,112
326,hot_key,453
327,hot_key,756
328,hot_key,169
329,key_123,584
330,hot_key,139
331,hot_key,848
332,hot_key,231
333,hot_key,239
334,key_112,984
335,hot_key,253
336,hot_key,981
337,hot_key,436
338,hot_key,919
339,hot_key,561
340,hot_key,422
341,key_256,303
342,hot_key,72
343,hot_key,263
344,hot_key,834
345,hot_key,222
346,hot_key,77
347,hot_key,62
348,key_60,471
349,hot_key,157
350,hot_key,806
351,hot_key,125
352,hot_key,741
353,hot_key,852
354,hot_key,161
355,hot_key,541
356,hot_key,626
357,hot_key,591
358,hot_key,535
359,key_142,106
360,key_118,131
361,key_227,357
362,key_130,989
363,hot_key,685
364,key_59,776
365,key_37,854
366,hot_key,885
367,hot_key,797
368,key_41,2
369,hot_key,233
370,hot_key,369
371,key_210,251
372,key_232,946
373,hot_key,833
374,key_76,108
375,hot_key,276
376,hot_key,180
377,hot_key,725
378,hot_key,293
379,hot_key,584
380,hot_key,795
381,hot_key,175
382,hot_key,123
383,key_267,227
384,hot_key,902
385,hot_key,444
386,hot_key,813
387,hot_key,428
388,hot_key,83
389,hot_key,765
390,hot_key,658
391,hot_key,632
392,hot_key,65
393,key_127,281
394,hot_key,795
395,hot_key,391
396,key_32,428
397,key_277,618
398,hot_key,925
399,key_228,991
400,hot_key,812
401,key_106,107
402,key_22,548
403,hot_key,659
404,key_24,262
405,key_75,921
406,hot_key,159
407,hot_key,265
408,hot_key,468
409,hot_key,202
410,hot_key,933
411,hot_key,155
412,hot_key,13
413,hot_key,297
414,key_293,896
415,hot_key,834
416,key_79,498
417,hot_key,597
418,hot_key,993
419,hot_key,792
420,key_70,245
421,key_144,300
422,hot_key,362
423,hot_key,354
424,hot_key,828
425,hot_key,521
426,hot_key,386
427,key_173,759
428,hot_key,312
429,hot_key,414
430,hot_key,278
431,hot_key,750
432,hot_key,715
433,hot_key,759
434,hot_key,747
435,hot_key,593
436,hot_key,356
437,key_39,525
438,hot_key,839
439,hot_key,16
440,key_236,993
441,hot_key,45
442,hot_key,321
443,hot_key,651
444,hot_key,326
445,hot_key,148
446,hot_key,355
447,hot_key,236
448,key_146,703
449,hot_key,613
450,hot_key,105
451,key_200,474
452,hot_key,762
453,hot_key,396
454,key_280,446
455,hot_key,606
456,hot_key,220
457,hot_key,987
458,key_120,810
459,hot_key,851
460,hot_key,965
461,hot_key,442
462,key_34,645
463,hot_key,873
464,key_19,667
465,key_255,28
466,hot_key,794
467,key_6,475
468,hot_key,628
469,hot_key,305
470,key_202,746
471,hot_key,405
472,hot_key,513
473,key_26,502
474,hot_key,348
475,key_96,240
476,hot_key,570
477,key_148,847
478,key_164,695
479,hot_key,337
480,hot_key,26
481,hot_key,980
482,hot_key,409
483,key_82,77
484,key_20,929
485,hot_key,217
486,key_248,328
487,key_242,837
488,hot_key,774
489,hot_key,23
490,hot_key,756
491,hot_key,670
492,hot_key,718
493,key_261,310
494,key_0,599
495,hot_key,267
496,hot_key,415
497,hot_key,646
498,key_97,267
499,key_115,333
500,hot_key,780
501,hot_key,450
502,hot_key,565
503,hot_key,611
504,hot_key,247
505,hot_key,36
506,hot_key,401
507,hot_key,28
508,hot_key,220
509,hot_key,406
510,hot_key,614
511,hot_key,775
512,hot_key,271
513,key_265,736
514,hot_key,651
515,hot_key,792
516,key_288,511
517,key_160,963
518,hot_key,286
519,hot_key,454
520,hot_key,762
521,hot_key,834
522,hot_key,317
523,key_30,590
524,key_186,297
525,hot_key,338
526,hot_key,307
527,hot_key,428
528,hot_key,351
529,hot_key,511
530,key_238,525
531,key_281,858
532,key_259,492
533,hot_key,908
534,hot_key,594
535,hot_key,9
536,hot_key,497
537,hot_key,725
538,hot_key,560
539,key_103,561
540,hot_key,821
541,key_15,440
542,key_230,552
543,hot_key,875
544,hot_key,792
545,hot_key,738
546,hot_key,968
547,key_171,108
548,key_64,245
549,hot_key,255
550,hot_key,33
551,hot_key,23
552,hot_key,845
553,hot_key,566
554,key_45,821
555,hot_key,49
556,key_270,462
557,hot_key,590
558,hot_key,336
559,hot_key,945
560,key_269,358
561,key_48,122
562,hot_key,444
563,hot_key,359
564,key_44,602
565,key_147,346
566,key_58,193
567,hot_key,416
568,hot_key,377
569,key_219,463
570,key_208,756
571,hot_key,661
572,hot_key,146
573,hot_key,478
574,hot_key,828
575,hot_key,890
576,hot_key,653
577,hot_key,408
578,hot_key,286
579,hot_key,898
580,hot_key,851
581,hot_key,111
582,key_283,620
583,hot_key,879
584,hot_key,793
585,hot_key,50
586,key_206,14
587,hot_key,134
588,hot_key,588
589,hot_key,596
590,hot_key,343
591,hot_key,670
592,key_231,286
593,key_125,934
594,hot_key,314
595,key_203,606
596,hot_key,297
597,hot_key,606
598,hot_key,569
599,hot_key,164
600,hot_key,832
601,hot_key,497
602,key_116,610
603,hot_key,16
604,key_175,344
605,key_182,78
606,hot_key,346
607,hot_key,72
608,key_284,270
609,hot_key,287
610,hot_key,66
611,hot_key,880
612,key_73,68
613,hot_key,193
614,hot_key,55
615,hot_key,980
616,hot_key,379
617,hot_key,974
618,hot_key,168
619,key_156,409
620,key_244,508
621,hot_key,537
622,hot_key,643
623,hot_key,837
624,hot_key,102
625,hot_key,886
626,hot_key,794
627,hot_key,808
628,hot_key,806
629,key_65,422
630,hot_key,964
631,key_56,775
632,hot_key,478
633,hot_key,926
634,hot_key,120
635,hot_key,915
636,hot_key,743
637,key_157,291
638,hot_key,488
639,hot_key,161
640,hot_key,673
641,hot_key,78
642,hot_key,38
643,key_72,394
644,key_78,441
645,hot_key,540
646,key_162,462
647,hot_key,612
648,hot_key,294
649,hot_key,400
650,key_90,636
651,hot_key,917
652,key_190,92
653,hot_key,767
654,hot_key,609
655,key_249,6
656,hot_key,681
657,hot_key,895
658,hot_key,271
659,hot_key,620
660,key_165,899
661,hot_key,811
662,hot_key,559
663,hot_key,99
664,hot_key,526
665,hot_key,194
666,key_87,157
667,hot_key,900
668,hot_key,666
669,hot_key,115
670,hot_key,396
671,hot_key,770
672,key_161,657
673,key_229,803
674,key_40,522
675,hot_key,880
676,key_221,214
677,hot_key,745
678,hot_key,683
679,hot_key,533
680,hot_key,15
681,hot_key,419
682,hot_key,368
683,hot_key,638
684,hot_key,853
685,hot_key,853
686,hot_key,213
687,key_145,700
688,key_93,684
689,hot_key,992
690,hot_key,759
691,key_138,5
692,hot_key,231
693,hot_key,201
694,hot_key,885
695,key_77,402
696,key_246,149
697,hot_key,584
698,hot_key,492
699,key_154,226
700,hot_key,586
701,key_218,819
702,hot_key,169
703,hot_key,761
704,hot_key,792
705,hot_key,152
706,key_297,224
707,key_33,504
708,hot_key,737
709,hot_key,550
710,key_128,44
711,hot_key,697
712,key_95,504
713,hot_key,955
714,hot_key,241
715,key_158,930
716,hot_key,843
717,hot_key,351
718,hot_key,722
719,hot_key,23
720,key_194,636
721,hot_key,598
722,hot_key,43
723,hot_key,466
724,hot_key,40
725,hot_key,303
726,hot_key,681
727,hot_key,175
728,hot_key,999
729,key_239,532
730,hot_key,461
731,hot_key,621
732,hot_key,193
733,key_47,244
734,hot_key,836
735,hot_key,280
736,hot_key,740
737,key_152,36
738,hot_key,557
739,hot_key,898
740,hot_key,540
741,key_124,154
742,hot_key,23
743,key_66,719
744,key_247,932
745,key_10,91
746,key_102,390
747,hot_key,931
748,hot_key,359
749,hot_key,550
750,key_262,931
751,hot_key,228
752,hot_key,202
753,hot_key,350
754,key_215,821
755,key_35,766
756,key_287,38
757,hot_key,733
758,hot_key,500
759,hot_key,699
760,key_187,43
761,key_5,871
762,hot_key,626
763,key_180,772
764,hot_key,517
765,key_274,68
766,hot_key,740
767,hot_key,123
768,key_199,685
769,key_71,336
770,key_233,153
771,key_52,974
772,hot_key,779
773,hot_key,669
774,hot_key,162
775,hot_key,214
776,hot_key,910
777,hot_key,376
778,hot_key,920
779,key_245,443
780,key_183,423
781,key_133,538
782,key_252,939
783,hot_key,804
784,hot_key,935
785,hot_key,701
786,key_289,912
787,hot_key,634
788,hot_key,230
789,hot_key,59
790,hot_key,96
791,hot_key,262
792,hot_key,354
793,hot_key,312
794,hot_key,136
795,hot_key,862
796,hot_key,795
797,hot_key,967
798,key_268,923
799,hot_key,473
800,key_69,632
801,key_17,430
802,hot_key,937
803,hot_key,975
804,hot_key,537
805,hot_key,854
806,hot_key,146
807,key_29,524
808,hot_key,87
809,hot_key,947
810,hot_key,109
811,hot_key,423
812,key_18,345
813,hot_key,266
814,hot_key,734
815,hot_key,586
816,key_223,994
817,key_63,494
818,key_74,333
819,key_143,822
820,key_50,413
821,hot_key,614
822,hot_key,937
823,key_170,649
824,key_282,191
825,hot_key,973
826,hot_key,933
827,key_266,142
828,key_179,869
829,hot_key,73
830,hot_key,840
831,key_11,167
832,hot_key,168
833,hot_key,566
834,key_117,259
835,hot_key,439
836,key_198,111
837,hot_key,744
838,hot_key,673
839,hot_key,864
840,hot_key,839
841,hot_key,531
842,hot_key,290
843,hot_key,974
844,hot_key,562
845,hot_key,510
846,hot_key,175
847,key_211,302
848,key_8,696
849,hot_key,185
850,hot_key,339
851,hot_key,510
852,key_67,819
853,hot_key,310
854,hot_key,507
855,key_254,346
856,key_21,81
857,hot_key,374
858,hot_key,156
859,key_216,787
860,key_153,795
861,hot_key,432
862,key_84,500
863,hot_key,761
864,hot_key,147
865,hot_key,481
866,key_23,435
867,hot_key,519
868,hot_key,669
869,hot_key,683
870,hot_key,69
871,hot_key,606
872,hot_key,881
873,hot_key,875
874,key_222,888
875,hot_key,186
876,hot_key,904
877,key_131,682
878,key_299,204
879,key_209,554
880,hot_key,13
881,key_27,666
882,hot_key,274
883,key_119,298
884,hot_key,51
885,hot_key,500
886,hot_key,369
887,hot_key,724
888,hot_key,656
889,hot_key,357
890,hot_key,3
891,hot_key,254
892,key_122,475
893,hot_key,847
894,hot_key,506
895,key_121,256
896,hot_key,610
897,key_278,685
898,key_192,150
899,hot_key,488
900,key_258,279
901,hot_key,59
902,hot_key,446
903,hot_key,113
904,key_4,836
905,key_193,755
906,key_272,822
907,hot_key,569
908,hot_key,489
909,key_139,407
910,hot_key,367
911,hot_key,60
912,hot_key,329
913,key_167,728
914,key_55,469
915,hot_key,745
916,key_250,567
917,key_25,885
918,hot_key,720
919,hot_key,63
920,key_201,184
921,hot_key,311
922,hot_key,793
923,hot_key,538
924,hot_key,177
925,hot_key,575
926,hot_key,429
927,hot_key,73
928,hot_key,847
929,key_42,167
930,hot_key,225
931,key_166,577
932,hot_key,581
933,key_184,952
934,hot_key,9
935,key_111,236
936,hot_key,710
937,hot_key,924
938,hot_key,685
939,key_212,794
940,key_197,28
941,hot_key,808
942,hot_key,911
943,hot_key,646
944,hot_key,27
945,hot_key,550
946,hot_key,196
947,hot_key,203
948,hot_key,85
949,hot_key,832
950,hot_key,30
951,key_31,466
952,hot_key,99
953,hot_key,899
954,key_113,190
955,hot_key,12
956,key_88,603
957,hot_key,30
958,hot_key,725
959,hot_key,38
960,hot_key,853
961,hot_key,572
962,hot_key,294
963,hot_key,360
964,hot_key,655
965,hot_key,914
966,key_83,180
967,key_89,797
968,key_195,112
969,key_16,742
970,hot_key,444
971,key_2,21
972,hot_key,145
973,key_204,499
974,hot_key,146
975,hot_key,441
976,key_105,887
977,hot_key,421
978,hot_key,316
979,hot_key,166
980,key_38,652
981,hot_key,203
982,hot_key,496
983,hot_key,756
984,key_163,625
985,hot_key,468
986,key_159,713
987,key_100,385
988,key_101,314
989,key_241,771
990,hot_key,255
991,hot_key,959
992,hot_key,917
993,hot_key,23
994,hot_key,905
995,hot_key,758
996,hot_key,339
997,hot_key,493
998,key_129,823
999,key_214,511
1000,hot_key,366
